epoch,test_loss,test_acc,step
0,0.15669432282447815,0.954224169254303,0
